author,body,body_html,created_utc,distinguished,edited,id,is_submitter,link_id,parent_id,permalink,replies,saved,score,stickied,submission,subreddit,subreddit_id
Droidvoid,Mods pin this shit. Y‚Äôall been slippin lately,"<div class=""md""><p>Mods pin this shit. Y‚Äôall been slippin lately</p>
</div>",1588801158.0,,False,fppf61o,False,t3_gergbg,t3_gergbg,/r/wallstreetbets/comments/gergbg/what_are_your_moves_tomorrow_may_07_2020/fppf61o/,<praw.models.comment_forest.CommentForest object at 0x000001B45808C358>,False,25,False,gergbg,wallstreetbets,t5_2th52
Danlax33,Watch this pre-close drop get wiped out by low volume trading overnight and see us open up 1% like nothing happened üëåüèª,"<div class=""md""><p>Watch this pre-close drop get wiped out by low volume trading overnight and see us open up 1% like nothing happened üëåüèª</p>
</div>",1588796968.0,,False,fpp6t9z,False,t3_gergbg,t3_gergbg,/r/wallstreetbets/comments/gergbg/what_are_your_moves_tomorrow_may_07_2020/fpp6t9z/,<praw.models.comment_forest.CommentForest object at 0x000001B45808C198>,False,12,False,gergbg,wallstreetbets,t5_2th52
RicksBirdperson,Sticky.dongus.ex,"<div class=""md""><p>Sticky.dongus.ex</p>
</div>",1588802523.0,,False,fpphsqo,False,t3_gergbg,t3_gergbg,/r/wallstreetbets/comments/gergbg/what_are_your_moves_tomorrow_may_07_2020/fpphsqo/,<praw.models.comment_forest.CommentForest object at 0x000001B45808CC88>,False,5,False,gergbg,wallstreetbets,t5_2th52
The_Worst_Usernam,Playing SPY swings while my tanker stocks tank.,"<div class=""md""><p>Playing SPY swings while my tanker stocks tank.</p>
</div>",1588798411.0,,False,fpp9rwh,False,t3_gergbg,t3_gergbg,/r/wallstreetbets/comments/gergbg/what_are_your_moves_tomorrow_may_07_2020/fpp9rwh/,<praw.models.comment_forest.CommentForest object at 0x000001B45808C470>,False,4,False,gergbg,wallstreetbets,t5_2th52
SocialSuicideSquad,YOLO meme FDs and get rekt.,"<div class=""md""><p>YOLO meme FDs and get rekt.</p>
</div>",1588799106.0,,False,fppb5g8,False,t3_gergbg,t3_gergbg,/r/wallstreetbets/comments/gergbg/what_are_your_moves_tomorrow_may_07_2020/fppb5g8/,<praw.models.comment_forest.CommentForest object at 0x000001B45808C7B8>,False,4,False,gergbg,wallstreetbets,t5_2th52
Bull-See-Men,DKNG is hitting 40 end of the month.  I can feel it in my balls.,"<div class=""md""><p>DKNG is hitting 40 end of the month.  I can feel it in my balls.</p>
</div>",1588800021.0,,False,fppcy8a,False,t3_gergbg,t3_gergbg,/r/wallstreetbets/comments/gergbg/what_are_your_moves_tomorrow_may_07_2020/fppcy8a/,<praw.models.comment_forest.CommentForest object at 0x000001B45808C940>,False,6,False,gergbg,wallstreetbets,t5_2th52
AnonZeit,Roku and NET calls tomorrow at their low range. Buy and go away til AH,"<div class=""md""><p>Roku and NET calls tomorrow at their low range. Buy and go away til AH</p>
</div>",1588808046.0,,False,fpps26s,False,t3_gergbg,t3_gergbg,/r/wallstreetbets/comments/gergbg/what_are_your_moves_tomorrow_may_07_2020/fpps26s/,<praw.models.comment_forest.CommentForest object at 0x000001B45808C208>,False,3,False,gergbg,wallstreetbets,t5_2th52
MrMineHeads,wtf was this day man,"<div class=""md""><p>wtf was this day man</p>
</div>",1588808846.0,,False,fpptid4,False,t3_gergbg,t3_gergbg,/r/wallstreetbets/comments/gergbg/what_are_your_moves_tomorrow_may_07_2020/fpptid4/,<praw.models.comment_forest.CommentForest object at 0x000001B45808C9B0>,False,3,False,gergbg,wallstreetbets,t5_2th52
stevieraykatz,The market went from Dr. Suess's Cat in the Hat in Feb/March to untranslated Dostoyevsky's Brothers Karamzov in April/May. And I can't read Russian.,"<div class=""md""><p>The market went from Dr. Suess&#39;s Cat in the Hat in Feb/March to untranslated Dostoyevsky&#39;s Brothers Karamzov in April/May. And I can&#39;t read Russian.</p>
</div>",1588804980.0,,False,fppmeoz,False,t3_gergbg,t3_gergbg,/r/wallstreetbets/comments/gergbg/what_are_your_moves_tomorrow_may_07_2020/fppmeoz/,<praw.models.comment_forest.CommentForest object at 0x000001B45808C588>,False,6,False,gergbg,wallstreetbets,t5_2th52
,"How many bears are going to get their ass handed to them tomorrow because they fomo'd into puts? 

All of them. Stonks only go up. Even on red Thursday","<div class=""md""><p>How many bears are going to get their ass handed to them tomorrow because they fomo&#39;d into puts? </p>

<p>All of them. Stonks only go up. Even on red Thursday</p>
</div>",1588807605.0,,False,fppr8xo,False,t3_gergbg,t3_gergbg,/r/wallstreetbets/comments/gergbg/what_are_your_moves_tomorrow_may_07_2020/fppr8xo/,<praw.models.comment_forest.CommentForest object at 0x000001B45808CA90>,False,4,False,gergbg,wallstreetbets,t5_2th52
Andrew_the_giant,Oh here it is,"<div class=""md""><p>Oh here it is</p>
</div>",1588807759.0,,False,fpprj03,False,t3_gergbg,t3_gergbg,/r/wallstreetbets/comments/gergbg/what_are_your_moves_tomorrow_may_07_2020/fpprj03/,<praw.models.comment_forest.CommentForest object at 0x000001B461209C88>,False,2,False,gergbg,wallstreetbets,t5_2th52
mannheimcrescendo,Pin dis boi,"<div class=""md""><p>Pin dis boi</p>
</div>",1588808294.0,,False,fppsig8,False,t3_gergbg,t3_gergbg,/r/wallstreetbets/comments/gergbg/what_are_your_moves_tomorrow_may_07_2020/fppsig8/,<praw.models.comment_forest.CommentForest object at 0x000001B461209160>,False,2,False,gergbg,wallstreetbets,t5_2th52
turdfurgeson23,WHERE IS THE FUCKING PIN,"<div class=""md""><p>WHERE IS THE FUCKING PIN</p>
</div>",1588808304.0,,False,fppsj2g,False,t3_gergbg,t3_gergbg,/r/wallstreetbets/comments/gergbg/what_are_your_moves_tomorrow_may_07_2020/fppsj2g/,<praw.models.comment_forest.CommentForest object at 0x000001B461209F60>,False,2,False,gergbg,wallstreetbets,t5_2th52
SpiralOut512,"give me a sticky dongus

RTX SHARES CAUSE I GOT HIGH AND WAS TOO SLOW PLACING MY CALL ORDER AT EOD","<div class=""md""><p>give me a sticky dongus</p>

<p>RTX SHARES CAUSE I GOT HIGH AND WAS TOO SLOW PLACING MY CALL ORDER AT EOD</p>
</div>",1588808536.0,,False,fppsy9a,False,t3_gergbg,t3_gergbg,/r/wallstreetbets/comments/gergbg/what_are_your_moves_tomorrow_may_07_2020/fppsy9a/,<praw.models.comment_forest.CommentForest object at 0x000001B4612091D0>,False,2,False,gergbg,wallstreetbets,t5_2th52
Anthrogic,Fuck ZNGA,"<div class=""md""><p>Fuck ZNGA</p>
</div>",1588810837.0,,False,fppx332,False,t3_gergbg,t3_gergbg,/r/wallstreetbets/comments/gergbg/what_are_your_moves_tomorrow_may_07_2020/fppx332/,<praw.models.comment_forest.CommentForest object at 0x000001B461209AC8>,False,2,False,gergbg,wallstreetbets,t5_2th52
tychus-findlay,"The crash isn't coming, is it?","<div class=""md""><p>The crash isn&#39;t coming, is it?</p>
</div>",1588807962.0,,False,fpprwlw,False,t3_gergbg,t3_gergbg,/r/wallstreetbets/comments/gergbg/what_are_your_moves_tomorrow_may_07_2020/fpprwlw/,<praw.models.comment_forest.CommentForest object at 0x000001B461209E80>,False,2,False,gergbg,wallstreetbets,t5_2th52
rjquinn222,AWRW ??,"<div class=""md""><p>AWRW ??</p>
</div>",1588796681.0,,False,fpp68ky,False,t3_gergbg,t3_gergbg,/r/wallstreetbets/comments/gergbg/what_are_your_moves_tomorrow_may_07_2020/fpp68ky/,<praw.models.comment_forest.CommentForest object at 0x000001B461209CC0>,False,1,False,gergbg,wallstreetbets,t5_2th52
dreamchaser90,bam,"<div class=""md""><p>bam</p>
</div>",1588797744.0,,False,fpp8exh,False,t3_gergbg,t3_gergbg,/r/wallstreetbets/comments/gergbg/what_are_your_moves_tomorrow_may_07_2020/fpp8exh/,<praw.models.comment_forest.CommentForest object at 0x000001B461209E10>,False,1,False,gergbg,wallstreetbets,t5_2th52
thisguy092,Hold my vix calls faggots,"<div class=""md""><p>Hold my vix calls faggots</p>
</div>",1588800547.0,,False,fppdze8,False,t3_gergbg,t3_gergbg,/r/wallstreetbets/comments/gergbg/what_are_your_moves_tomorrow_may_07_2020/fppdze8/,<praw.models.comment_forest.CommentForest object at 0x000001B461209C18>,False,1,False,gergbg,wallstreetbets,t5_2th52
MC20177,SPG finally opening malls and now stock goes back down? Wtf,"<div class=""md""><p>SPG finally opening malls and now stock goes back down? Wtf</p>
</div>",1588804616.0,,False,fpplq9z,False,t3_gergbg,t3_gergbg,/r/wallstreetbets/comments/gergbg/what_are_your_moves_tomorrow_may_07_2020/fpplq9z/,<praw.models.comment_forest.CommentForest object at 0x000001B461209D30>,False,1,False,gergbg,wallstreetbets,t5_2th52
turdfurgeson23,Here we go. Thanks d-heads.,"<div class=""md""><p>Here we go. Thanks d-heads.</p>
</div>",1588807274.0,,False,fppqn63,False,t3_gergbg,t3_gergbg,/r/wallstreetbets/comments/gergbg/what_are_your_moves_tomorrow_may_07_2020/fppqn63/,<praw.models.comment_forest.CommentForest object at 0x000001B4612096A0>,False,1,False,gergbg,wallstreetbets,t5_2th52
undermon,Who got filthy rich off of SHOP / W? I want to live vicariously through you,"<div class=""md""><p>Who got filthy rich off of SHOP / W? I want to live vicariously through you</p>
</div>",1588807608.0,,False,fppr952,False,t3_gergbg,t3_gergbg,/r/wallstreetbets/comments/gergbg/what_are_your_moves_tomorrow_may_07_2020/fppr952/,<praw.models.comment_forest.CommentForest object at 0x000001B4612092B0>,False,1,False,gergbg,wallstreetbets,t5_2th52
Apdvadar,Nobody else playing these Nvidia earnings?  Are premiums just too expensive or just don‚Äôt know what the play is.,"<div class=""md""><p>Nobody else playing these Nvidia earnings?  Are premiums just too expensive or just don‚Äôt know what the play is.</p>
</div>",1588807618.0,,False,fppr9rx,False,t3_gergbg,t3_gergbg,/r/wallstreetbets/comments/gergbg/what_are_your_moves_tomorrow_may_07_2020/fppr9rx/,<praw.models.comment_forest.CommentForest object at 0x000001B4612097F0>,False,1,False,gergbg,wallstreetbets,t5_2th52
TF5000,Yolo a BKNG Call,"<div class=""md""><p>Yolo a BKNG Call</p>
</div>",1588807634.0,,False,fppravp,False,t3_gergbg,t3_gergbg,/r/wallstreetbets/comments/gergbg/what_are_your_moves_tomorrow_may_07_2020/fppravp/,<praw.models.comment_forest.CommentForest object at 0x000001B461209240>,False,1,False,gergbg,wallstreetbets,t5_2th52
Sea-School,Wonder if the pajamas fill the gap up overnight,"<div class=""md""><p>Wonder if the pajamas fill the gap up overnight</p>
</div>",1588808367.0,,False,fppsn7g,False,t3_gergbg,t3_gergbg,/r/wallstreetbets/comments/gergbg/what_are_your_moves_tomorrow_may_07_2020/fppsn7g/,<praw.models.comment_forest.CommentForest object at 0x000001B461209860>,False,1,False,gergbg,wallstreetbets,t5_2th52
cp5,"PTON beats earnings, up AH 

PYPL misses earnings, up AH

Am I just good at like stocks or something","<div class=""md""><p>PTON beats earnings, up AH </p>

<p>PYPL misses earnings, up AH</p>

<p>Am I just good at like stocks or something</p>
</div>",1588808720.0,,False,fppta7u,False,t3_gergbg,t3_gergbg,/r/wallstreetbets/comments/gergbg/what_are_your_moves_tomorrow_may_07_2020/fppta7u/,<praw.models.comment_forest.CommentForest object at 0x000001B461209438>,False,1,False,gergbg,wallstreetbets,t5_2th52
skinney6,Tanker puts,"<div class=""md""><p>Tanker puts</p>
</div>",1588814086.0,,False,fpq2w5n,False,t3_gergbg,t3_gergbg,/r/wallstreetbets/comments/gergbg/what_are_your_moves_tomorrow_may_07_2020/fpq2w5n/,<praw.models.comment_forest.CommentForest object at 0x000001B461209B38>,False,1,False,gergbg,wallstreetbets,t5_2th52
packman0321,Anyone holding long dated qqq calls?,"<div class=""md""><p>Anyone holding long dated qqq calls?</p>
</div>",1588815681.0,,False,fpq5p4u,False,t3_gergbg,t3_gergbg,/r/wallstreetbets/comments/gergbg/what_are_your_moves_tomorrow_may_07_2020/fpq5p4u/,<praw.models.comment_forest.CommentForest object at 0x000001B461209278>,False,1,False,gergbg,wallstreetbets,t5_2th52
psexec,$x puts make sense?,"<div class=""md""><p>$x puts make sense?</p>
</div>",1588816948.0,,False,fpq7vzz,False,t3_gergbg,t3_gergbg,/r/wallstreetbets/comments/gergbg/what_are_your_moves_tomorrow_may_07_2020/fpq7vzz/,<praw.models.comment_forest.CommentForest object at 0x000001B461209BE0>,False,1,False,gergbg,wallstreetbets,t5_2th52
stevieraykatz,Switched to theta gang today selling Vix put credit spreads.,"<div class=""md""><p>Switched to theta gang today selling Vix put credit spreads.</p>
</div>",1588805012.0,,False,fppmgup,False,t3_gergbg,t3_gergbg,/r/wallstreetbets/comments/gergbg/what_are_your_moves_tomorrow_may_07_2020/fppmgup/,<praw.models.comment_forest.CommentForest object at 0x000001B4612094A8>,False,1,False,gergbg,wallstreetbets,t5_2th52
em1013,"BREAKING: All tickers to be removed from DJI, Nasdaq and S&P 500 with the exception of FB, AAPL, AMZN, NFLX, and GOOG. Short-selling also banned. TSLA may be included pending request from VP Pence to have Musk change his newborn's name to Ezekiel.","<div class=""md""><p>BREAKING: All tickers to be removed from DJI, Nasdaq and S&amp;P 500 with the exception of FB, AAPL, AMZN, NFLX, and GOOG. Short-selling also banned. TSLA may be included pending request from VP Pence to have Musk change his newborn&#39;s name to Ezekiel.</p>
</div>",1588809078.0,,False,fpptx1z,False,t3_gergbg,t3_gergbg,/r/wallstreetbets/comments/gergbg/what_are_your_moves_tomorrow_may_07_2020/fpptx1z/,<praw.models.comment_forest.CommentForest object at 0x000001B4612099B0>,False,-2,False,gergbg,wallstreetbets,t5_2th52
GreatEscapes, Would we expect to see a MTCH short squeeze tomorrow?,"<div class=""md""><p>Would we expect to see a MTCH short squeeze tomorrow?</p>
</div>",1588807562.0,,False,fppr61r,False,t3_gergbg,t3_gergbg,/r/wallstreetbets/comments/gergbg/what_are_your_moves_tomorrow_may_07_2020/fppr61r/,<praw.models.comment_forest.CommentForest object at 0x000001B461209128>,False,0,False,gergbg,wallstreetbets,t5_2th52
,[deleted],"<div class=""md""><p>[deleted]</p>
</div>",1588807534.0,,False,fppr470,False,t3_gergbg,t3_gergbg,/r/wallstreetbets/comments/gergbg/what_are_your_moves_tomorrow_may_07_2020/fppr470/,<praw.models.comment_forest.CommentForest object at 0x000001B4612097B8>,False,-1,False,gergbg,wallstreetbets,t5_2th52
,FIRST UPVOTE ME!!!!,"<div class=""md""><p>FIRST UPVOTE ME!!!!</p>
</div>",1588806984.0,,False,fppq45i,False,t3_gergbg,t3_gergbg,/r/wallstreetbets/comments/gergbg/what_are_your_moves_tomorrow_may_07_2020/fppq45i/,<praw.models.comment_forest.CommentForest object at 0x000001B461209B00>,False,-9,False,gergbg,wallstreetbets,t5_2th52
UsernameTaken_123,Eat my dongus you fuckin' nerd!,"<div class=""md""><p>Eat my dongus you fuckin&#39; nerd!</p>
</div>",1588807682.0,,False,fppre0h,False,t3_gergbg,t1_fppf61o,/r/wallstreetbets/comments/gergbg/what_are_your_moves_tomorrow_may_07_2020/fppre0h/,<praw.models.comment_forest.CommentForest object at 0x000001B45808CCC0>,False,10,False,gergbg,wallstreetbets,t5_2th52
scvbari,This is the way...,"<div class=""md""><p>This is the way...</p>
</div>",1588805567.0,,False,fppnhnt,False,t3_gergbg,t1_fpp6t9z,/r/wallstreetbets/comments/gergbg/what_are_your_moves_tomorrow_may_07_2020/fppnhnt/,<praw.models.comment_forest.CommentForest object at 0x000001B45808CF98>,False,4,False,gergbg,wallstreetbets,t5_2th52
Bxdwfl,that's usually what happens :\*(,"<div class=""md""><p>that&#39;s usually what happens :*(</p>
</div>",1588808463.0,,False,fppstk4,False,t3_gergbg,t1_fpp6t9z,/r/wallstreetbets/comments/gergbg/what_are_your_moves_tomorrow_may_07_2020/fppstk4/,<praw.models.comment_forest.CommentForest object at 0x000001B45808CF60>,False,1,False,gergbg,wallstreetbets,t5_2th52
AutoModerator,"Eat my dongus you fuckin nerd.

*I am a bot, and this action was performed automatically. Please [contact the moderators of this subreddit](/message/compose/?to=/r/wallstreetbets) if you have any questions or concerns.*","<div class=""md""><p>Eat my dongus you fuckin nerd.</p>

<p><em>I am a bot, and this action was performed automatically. Please <a href=""/message/compose/?to=/r/wallstreetbets"">contact the moderators of this subreddit</a> if you have any questions or concerns.</em></p>
</div>",1588802523.0,moderator,False,fpphsrj,True,t3_gergbg,t1_fpphsqo,/r/wallstreetbets/comments/gergbg/what_are_your_moves_tomorrow_may_07_2020/fpphsrj/,<praw.models.comment_forest.CommentForest object at 0x000001B45808C320>,False,2,False,gergbg,wallstreetbets,t5_2th52
you_are_temporary,That‚Äôs cancer.,"<div class=""md""><p>That‚Äôs cancer.</p>
</div>",1588807911.0,,False,fpprt5v,False,t3_gergbg,t1_fppcy8a,/r/wallstreetbets/comments/gergbg/what_are_your_moves_tomorrow_may_07_2020/fpprt5v/,<praw.models.comment_forest.CommentForest object at 0x000001B45808C160>,False,10,False,gergbg,wallstreetbets,t5_2th52
rawrtherapy,"No

But it is going to at least 25 be end of week","<div class=""md""><p>No</p>

<p>But it is going to at least 25 be end of week</p>
</div>",1588856897.0,,False,fprlbpd,False,t3_gergbg,t1_fppcy8a,/r/wallstreetbets/comments/gergbg/what_are_your_moves_tomorrow_may_07_2020/fprlbpd/,<praw.models.comment_forest.CommentForest object at 0x000001B45808C240>,False,1,False,gergbg,wallstreetbets,t5_2th52
turdfurgeson23,"We're fucking around with the MACD right now, but I think we'll be up most of the day tomorrow and then bloodbath Friday and into Monday.","<div class=""md""><p>We&#39;re fucking around with the MACD right now, but I think we&#39;ll be up most of the day tomorrow and then bloodbath Friday and into Monday.</p>
</div>",1588808058.0,,False,fpps319,False,t3_gergbg,t1_fppr8xo,/r/wallstreetbets/comments/gergbg/what_are_your_moves_tomorrow_may_07_2020/fpps319/,<praw.models.comment_forest.CommentForest object at 0x000001B461209898>,False,3,False,gergbg,wallstreetbets,t5_2th52
AutoModerator,"Eat my dongus you fuckin nerd.

*I am a bot, and this action was performed automatically. Please [contact the moderators of this subreddit](/message/compose/?to=/r/wallstreetbets) if you have any questions or concerns.*","<div class=""md""><p>Eat my dongus you fuckin nerd.</p>

<p><em>I am a bot, and this action was performed automatically. Please <a href=""/message/compose/?to=/r/wallstreetbets"">contact the moderators of this subreddit</a> if you have any questions or concerns.</em></p>
</div>",1588808536.0,moderator,False,fppsya2,True,t3_gergbg,t1_fppsy9a,/r/wallstreetbets/comments/gergbg/what_are_your_moves_tomorrow_may_07_2020/fppsya2/,<praw.models.comment_forest.CommentForest object at 0x000001B461209EF0>,False,2,False,gergbg,wallstreetbets,t5_2th52
iEatGarbages,It is.. just as soon as all these bulls are convinced they‚Äôre safe and can‚Äôt lose with Calls,"<div class=""md""><p>It is.. just as soon as all these bulls are convinced they‚Äôre safe and can‚Äôt lose with Calls</p>
</div>",1588808165.0,,False,fpps9ze,False,t3_gergbg,t1_fpprwlw,/r/wallstreetbets/comments/gergbg/what_are_your_moves_tomorrow_may_07_2020/fpps9ze/,<praw.models.comment_forest.CommentForest object at 0x000001B4612090F0>,False,0,False,gergbg,wallstreetbets,t5_2th52
undermon,ARWR? what about it?,"<div class=""md""><p>ARWR? what about it?</p>
</div>",1588807789.0,,False,fpprkyx,False,t3_gergbg,t1_fpp68ky,/r/wallstreetbets/comments/gergbg/what_are_your_moves_tomorrow_may_07_2020/fpprkyx/,<praw.models.comment_forest.CommentForest object at 0x000001B461209F98>,False,1,False,gergbg,wallstreetbets,t5_2th52
Rweb88,Fucked me today. HARD,"<div class=""md""><p>Fucked me today. HARD</p>
</div>",1588808048.0,,False,fpps2b7,False,t3_gergbg,t1_fpp68ky,/r/wallstreetbets/comments/gergbg/what_are_your_moves_tomorrow_may_07_2020/fpps2b7/,<praw.models.comment_forest.CommentForest object at 0x000001B461209358>,False,1,False,gergbg,wallstreetbets,t5_2th52
Rweb88,It‚Äôs too painful.,"<div class=""md""><p>It‚Äôs too painful.</p>
</div>",1588808077.0,,False,fpps48o,False,t3_gergbg,t1_fppr952,/r/wallstreetbets/comments/gergbg/what_are_your_moves_tomorrow_may_07_2020/fpps48o/,<praw.models.comment_forest.CommentForest object at 0x000001B461209668>,False,1,False,gergbg,wallstreetbets,t5_2th52
,Buy why? Inverse yourself rule?,"<div class=""md""><p>Buy why? Inverse yourself rule?</p>
</div>",1588807729.0,,False,fpprh1m,False,t3_gergbg,t1_fppravp,/r/wallstreetbets/comments/gergbg/what_are_your_moves_tomorrow_may_07_2020/fpprh1m/,<praw.models.comment_forest.CommentForest object at 0x000001B461209DA0>,False,1,False,gergbg,wallstreetbets,t5_2th52
Rweb88,You just said a whole load of words I don‚Äôt understand,"<div class=""md""><p>You just said a whole load of words I don‚Äôt understand</p>
</div>",1588808102.0,,False,fpps5vg,False,t3_gergbg,t1_fppmgup,/r/wallstreetbets/comments/gergbg/what_are_your_moves_tomorrow_may_07_2020/fpps5vg/,<praw.models.comment_forest.CommentForest object at 0x000001B461209940>,False,3,False,gergbg,wallstreetbets,t5_2th52
iEatGarbages,Fucking do it so you lost all your capital and we don‚Äôt have to read about your stupid fucking plays anymore,"<div class=""md""><p>Fucking do it so you lost all your capital and we don‚Äôt have to read about your stupid fucking plays anymore</p>
</div>",1588808295.0,,False,fppsihn,False,t3_gergbg,t1_fppr470,/r/wallstreetbets/comments/gergbg/what_are_your_moves_tomorrow_may_07_2020/fppsihn/,<praw.models.comment_forest.CommentForest object at 0x000001B461209EB8>,False,2,False,gergbg,wallstreetbets,t5_2th52
herzy3,Good bot...,"<div class=""md""><p>Good bot...</p>
</div>",1588807715.0,,False,fpprg58,False,t3_gergbg,t1_fppre0h,/r/wallstreetbets/comments/gergbg/what_are_your_moves_tomorrow_may_07_2020/fpprg58/,<praw.models.comment_forest.CommentForest object at 0x000001B45808CFD0>,False,8,False,gergbg,wallstreetbets,t5_2th52
turdfurgeson23,I buy EOD calls like 3 times a week and I my butthole remains tight,"<div class=""md""><p>I buy EOD calls like 3 times a week and I my butthole remains tight</p>
</div>",1588807366.0,,False,fppqt4v,False,t3_gergbg,t1_fppnhnt,/r/wallstreetbets/comments/gergbg/what_are_your_moves_tomorrow_may_07_2020/fppqt4v/,<praw.models.comment_forest.CommentForest object at 0x000001B45808C6A0>,False,3,False,gergbg,wallstreetbets,t5_2th52
PossiblyAsian,"Ngl. Thats what I thought today was gonna be.

But then bulls got fuk. And eod dropped like tits on a cheap hooker","<div class=""md""><p>Ngl. Thats what I thought today was gonna be.</p>

<p>But then bulls got fuk. And eod dropped like tits on a cheap hooker</p>
</div>",1588824198.0,,False,fpqjfc1,False,t3_gergbg,t1_fpps319,/r/wallstreetbets/comments/gergbg/what_are_your_moves_tomorrow_may_07_2020/fpqjfc1/,<praw.models.comment_forest.CommentForest object at 0x000001B461209E48>,False,2,False,gergbg,wallstreetbets,t5_2th52
TF5000,"That's my thinking rn. But, idk I'm actually torn between a put and a call feel like the sell off leading up to earnings could it could pop up if earnings aren't as bad as predicted.","<div class=""md""><p>That&#39;s my thinking rn. But, idk I&#39;m actually torn between a put and a call feel like the sell off leading up to earnings could it could pop up if earnings aren&#39;t as bad as predicted.</p>
</div>",1588808317.0,,False,fppsjw5,False,t3_gergbg,t1_fpprh1m,/r/wallstreetbets/comments/gergbg/what_are_your_moves_tomorrow_may_07_2020/fppsjw5/,<praw.models.comment_forest.CommentForest object at 0x000001B461209710>,False,1,False,gergbg,wallstreetbets,t5_2th52
stevieraykatz,Read up and stop gambling,"<div class=""md""><p>Read up and stop gambling</p>
</div>",1588819268.0,,False,fpqbq6n,False,t3_gergbg,t1_fpps5vg,/r/wallstreetbets/comments/gergbg/what_are_your_moves_tomorrow_may_07_2020/fpqbq6n/,<praw.models.comment_forest.CommentForest object at 0x000001B4612094E0>,False,1,False,gergbg,wallstreetbets,t5_2th52
WhyNotCollegeBoard,"Are you sure about that? Because I am 99.62873% sure that UsernameTaken_123 is not a bot.

---

^(I am a neural network being trained to detect spammers | Summon me with !isbot <username> |) ^(/r/spambotdetector |) [^(Optout)](https://www.reddit.com/message/compose?to=whynotcollegeboard&subject=!optout&message=!optout) ^(|) [^(Original Github)](https://github.com/SM-Wistful/BotDetection-Algorithm)","<div class=""md""><p>Are you sure about that? Because I am 99.62873% sure that UsernameTaken_123 is not a bot.</p>

<hr/>

<p><sup>I am a neural network being trained to detect spammers | Summon me with !isbot &lt;username&gt; |</sup> <sup><a href=""/r/spambotdetector"">/r/spambotdetector</a> |</sup> <a href=""https://www.reddit.com/message/compose?to=whynotcollegeboard&amp;subject=!optout&amp;message=!optout""><sup>Optout</sup></a> <sup>|</sup> <a href=""https://github.com/SM-Wistful/BotDetection-Algorithm""><sup>Original Github</sup></a></p>
</div>",1588807754.0,,False,fpprink,False,t3_gergbg,t1_fpprg58,/r/wallstreetbets/comments/gergbg/what_are_your_moves_tomorrow_may_07_2020/fpprink/,<praw.models.comment_forest.CommentForest object at 0x000001B45808C780>,False,-6,False,gergbg,wallstreetbets,t5_2th52
herzy3,Bad bot.,"<div class=""md""><p>Bad bot.</p>
</div>",1588807797.0,,False,fpprlip,False,t3_gergbg,t1_fpprink,/r/wallstreetbets/comments/gergbg/what_are_your_moves_tomorrow_may_07_2020/fpprlip/,<praw.models.comment_forest.CommentForest object at 0x000001B45808C438>,False,8,False,gergbg,wallstreetbets,t5_2th52
